{"cameraMode":{"drawMode":0,"name":"Shaded","section":"Shading Mode"},"sceneLighting":true,"audioPlay":false,"sceneViewState":{"showFog":false,"showMaterialUpdate":false,"showSkybox":true,"showFlares":false,"showImageEffects":false,"showParticleSystems":false},"in2DMode":false,"pivot":{"x":579.8377075195313,"y":309.0766296386719,"z":6.51470947265625},"rotation":{"x":-0.0912512019276619,"y":-0.09634433686733246,"z":0.008870461955666542,"w":-0.9911238551139832},"size":359.8457946777344,"orthographic":false}