{"cameraMode":{"drawMode":0,"name":"Shaded","section":"Shading Mode"},"sceneLighting":true,"audioPlay":false,"sceneViewState":{"showFog":false,"showMaterialUpdate":false,"showSkybox":true,"showFlares":false,"showImageEffects":false,"showParticleSystems":false},"in2DMode":false,"pivot":{"x":578.999267578125,"y":306.1131591796875,"z":8.1683349609375},"rotation":{"x":-0.06177002936601639,"y":-0.0038953768089413645,"z":0.0002411969908280298,"w":-0.9980875253677368},"size":278.584228515625,"orthographic":false}