{"cameraMode":{"drawMode":0,"name":"Shaded","section":"Shading Mode"},"sceneLighting":true,"audioPlay":false,"sceneViewState":{"showFog":false,"showMaterialUpdate":false,"showSkybox":true,"showFlares":false,"showImageEffects":false,"showParticleSystems":false},"in2DMode":false,"pivot":{"x":-0.46874356269836428,"y":3.5145483016967775,"z":0.19329333305358888},"rotation":{"x":-0.19600197672843934,"y":-0.0992453470826149,"z":0.0199467521160841,"w":-0.9753759503364563},"size":7.479927062988281,"orthographic":false}