{"cameraMode":{"drawMode":0,"name":"Shaded","section":"Shading Mode"},"sceneLighting":true,"audioPlay":false,"sceneViewState":{"showFog":false,"showMaterialUpdate":false,"showSkybox":true,"showFlares":false,"showImageEffects":false,"showParticleSystems":false},"in2DMode":false,"pivot":{"x":-39.96366882324219,"y":20.711990356445314,"z":-101.46440124511719},"rotation":{"x":0.03305501490831375,"y":0.9465422034263611,"z":-0.10292411595582962,"w":0.30403178930282595},"size":6.794131755828857,"orthographic":false}