{"cameraMode":{"drawMode":0,"name":"Shaded","section":"Shading Mode"},"sceneLighting":true,"audioPlay":false,"sceneViewState":{"showFog":false,"showMaterialUpdate":false,"showSkybox":true,"showFlares":false,"showImageEffects":false,"showParticleSystems":false},"in2DMode":false,"pivot":{"x":-5.823601722717285,"y":4.146285533905029,"z":4.003681182861328},"rotation":{"x":0.19318009912967683,"y":0.33785781264305117,"z":-0.07105432450771332,"w":0.9184417128562927},"size":3.378054141998291,"orthographic":false}