{"cameraMode":{"drawMode":0,"name":"Shaded","section":"Shading Mode"},"sceneLighting":true,"audioPlay":false,"sceneViewState":{"showFog":false,"showMaterialUpdate":false,"showSkybox":true,"showFlares":false,"showImageEffects":false,"showParticleSystems":false},"in2DMode":false,"pivot":{"x":-3.9508485794067385,"y":4.632433891296387,"z":4.232733726501465},"rotation":{"x":0.24524900317192079,"y":0.4475323259830475,"z":-0.12907621264457704,"w":0.8502743244171143},"size":7.560840129852295,"orthographic":false}