{"cameraMode":{"drawMode":0,"name":"Shaded","section":"Shading Mode"},"sceneLighting":true,"audioPlay":false,"sceneViewState":{"showFog":false,"showMaterialUpdate":false,"showSkybox":true,"showFlares":false,"showImageEffects":false,"showParticleSystems":false},"in2DMode":false,"pivot":{"x":-43.021209716796878,"y":18.806076049804689,"z":-100.24540710449219},"rotation":{"x":-0.24852663278579713,"y":-0.6568495631217957,"z":0.2441098392009735,"w":-0.6687716245651245},"size":5.178228378295898,"orthographic":false}